{"loss": [0.6745180487632751, 0.4935802221298218, 0.3567310869693756, 0.2820197343826294, 0.22770923376083374, 0.1929280012845993, 0.16168923676013947, 0.1450556367635727, 0.12576110661029816, 0.11043545603752136, 0.09920728206634521, 0.08896643668413162, 0.07559024542570114, 0.07279093563556671, 0.06660899519920349], "accuracy": [0.5864800214767456, 0.7789999842643738, 0.8505200147628784, 0.8857600092887878, 0.9109200239181519, 0.92603999376297, 0.9377999901771545, 0.9457200169563293, 0.953719973564148, 0.9592000246047974, 0.9648399949073792, 0.9682000279426575, 0.9732000231742859, 0.9750400185585022, 0.9793199896812439], "val_loss": [0.612969696521759, 0.41224825382232666, 0.36920788884162903, 0.3324715197086334, 0.34704360365867615, 0.33522742986679077, 0.4527183473110199, 0.536098837852478, 0.40759769082069397, 0.44052645564079285, 0.4194478392601013, 0.5861147046089172, 0.4571506977081299, 0.5423509478569031, 0.5762128233909607], "val_accuracy": [0.704479992389679, 0.8224800229072571, 0.8401200175285339, 0.858519971370697, 0.849399983882904, 0.8624399900436401, 0.8449199795722961, 0.8317199945449829, 0.8579199910163879, 0.8571599721908569, 0.8488799929618835, 0.8405200242996216, 0.8470799922943115, 0.8413199782371521, 0.8423600196838379]}